{"cameraMode":{"drawMode":0,"name":"Shaded","section":"Shading Mode"},"sceneLighting":true,"audioPlay":false,"sceneViewState":{"showFog":true,"showMaterialUpdate":true,"showSkybox":true,"showFlares":true,"showImageEffects":true,"showParticleSystems":true},"in2DMode":false,"pivot":{"x":223.9242706298828,"y":9.440442085266114,"z":250.79197692871095},"rotation":{"x":0.17830169200897218,"y":0.6964561343193054,"z":-0.18536178767681123,"w":0.6699241995811462},"size":0.40302973985671999,"orthographic":false}