{"cameraMode":{"drawMode":0,"name":"Shaded","section":"Shading Mode"},"sceneLighting":true,"audioPlay":false,"sceneViewState":{"showFog":true,"showMaterialUpdate":true,"showSkybox":true,"showFlares":true,"showImageEffects":true,"showParticleSystems":true},"in2DMode":false,"pivot":{"x":245.44381713867188,"y":3.85652494430542,"z":208.87081909179688},"rotation":{"x":0.24417844414710999,"y":0.4396044909954071,"z":-0.12551560997962953,"w":0.8552021384239197},"size":0.40302973985671999,"orthographic":false}